Date;Open;High;Low;Close;Pivot;Resistance 1;Support 1;Resistance 2;Support 2;Resistance 3;Support 3;CPR Pivot;CPR BC;CPR TC
Fri Sep 27 2024 09:15:00 GMT+0530 (India Standard Time);42.9;51.9;41.95;49.15;40.37;58.48;21.33;77.52;3.22;114.67;-33.93;40.37;40.83;39.91
Fri Sep 27 2024 09:16:00 GMT+0530 (India Standard Time);49.15;51;48.55;50.25;40.37;58.48;21.33;77.52;3.22;114.67;-33.93;40.37;40.83;39.91
Fri Sep 27 2024 09:17:00 GMT+0530 (India Standard Time);50.45;50.7;49;49.05;40.37;58.48;21.33;77.52;3.22;114.67;-33.93;40.37;40.83;39.91
Fri Sep 27 2024 09:18:00 GMT+0530 (India Standard Time);48.8;49.25;47.7;48.65;40.37;58.48;21.33;77.52;3.22;114.67;-33.93;40.37;40.83;39.91
Fri Sep 27 2024 09:19:00 GMT+0530 (India Standard Time);48.65;48.8;47.4;48;40.37;58.48;21.33;77.52;3.22;114.67;-33.93;40.37;40.83;39.91
Fri Sep 27 2024 09:20:00 GMT+0530 (India Standard Time);47.7;49.2;46.8;49.1;40.37;58.48;21.33;77.52;3.22;114.67;-33.93;40.37;40.83;39.91
Fri Sep 27 2024 09:21:00 GMT+0530 (India Standard Time);49.05;54.5;48.55;53.75;40.37;58.48;21.33;77.52;3.22;114.67;-33.93;40.37;40.83;39.91
Fri Sep 27 2024 09:22:00 GMT+0530 (India Standard Time);53.7;54.3;49.35;50.4;40.37;58.48;21.33;77.52;3.22;114.67;-33.93;40.37;40.83;39.91
Fri Sep 27 2024 09:23:00 GMT+0530 (India Standard Time);50.45;55.2;50.2;53.85;40.37;58.48;21.33;77.52;3.22;114.67;-33.93;40.37;40.83;39.91
Fri Sep 27 2024 09:24:00 GMT+0530 (India Standard Time);54;54.85;51;51.45;40.37;58.48;21.33;77.52;3.22;114.67;-33.93;40.37;40.83;39.91
Fri Sep 27 2024 09:25:00 GMT+0530 (India Standard Time);50.9;52.6;50.7;50.75;40.37;58.48;21.33;77.52;3.22;114.67;-33.93;40.37;40.83;39.91
Fri Sep 27 2024 09:26:00 GMT+0530 (India Standard Time);50.6;51.4;49.6;50.9;40.37;58.48;21.33;77.52;3.22;114.67;-33.93;40.37;40.83;39.91
Fri Sep 27 2024 09:27:00 GMT+0530 (India Standard Time);51.05;51.9;50;50.5;40.37;58.48;21.33;77.52;3.22;114.67;-33.93;40.37;40.83;39.91
Fri Sep 27 2024 09:28:00 GMT+0530 (India Standard Time);50.5;51.2;49.65;50.5;40.37;58.48;21.33;77.52;3.22;114.67;-33.93;40.37;40.83;39.91
Fri Sep 27 2024 09:29:00 GMT+0530 (India Standard Time);50.45;50.45;48.1;48.75;40.37;58.48;21.33;77.52;3.22;114.67;-33.93;40.37;40.83;39.91
Fri Sep 27 2024 09:30:00 GMT+0530 (India Standard Time);48.75;48.75;45.85;46.55;40.37;58.48;21.33;77.52;3.22;114.67;-33.93;40.37;40.83;39.91
Fri Sep 27 2024 09:31:00 GMT+0530 (India Standard Time);46.55;48;45.5;47.95;40.37;58.48;21.33;77.52;3.22;114.67;-33.93;40.37;40.83;39.91
Fri Sep 27 2024 09:32:00 GMT+0530 (India Standard Time);48;48.95;46.85;48.95;40.37;58.48;21.33;77.52;3.22;114.67;-33.93;40.37;40.83;39.91
Fri Sep 27 2024 09:33:00 GMT+0530 (India Standard Time);48.85;50.3;48.75;49.8;40.37;58.48;21.33;77.52;3.22;114.67;-33.93;40.37;40.83;39.91
Fri Sep 27 2024 09:34:00 GMT+0530 (India Standard Time);49.55;50.35;48.65;49.9;40.37;58.48;21.33;77.52;3.22;114.67;-33.93;40.37;40.83;39.91
Fri Sep 27 2024 09:35:00 GMT+0530 (India Standard Time);49.85;53.4;49.6;50.7;40.37;58.48;21.33;77.52;3.22;114.67;-33.93;40.37;40.83;39.91
Fri Sep 27 2024 09:36:00 GMT+0530 (India Standard Time);50.75;51.6;50.35;50.85;40.37;58.48;21.33;77.52;3.22;114.67;-33.93;40.37;40.83;39.91
Fri Sep 27 2024 09:37:00 GMT+0530 (India Standard Time);50.95;52;50.8;51.5;40.37;58.48;21.33;77.52;3.22;114.67;-33.93;40.37;40.83;39.91
Fri Sep 27 2024 09:38:00 GMT+0530 (India Standard Time);51.45;51.45;49.8;50;40.37;58.48;21.33;77.52;3.22;114.67;-33.93;40.37;40.83;39.91
Fri Sep 27 2024 09:39:00 GMT+0530 (India Standard Time);49.95;50.05;48.35;48.6;40.37;58.48;21.33;77.52;3.22;114.67;-33.93;40.37;40.83;39.91
Fri Sep 27 2024 09:40:00 GMT+0530 (India Standard Time);48.4;50.2;47.7;49.75;40.37;58.48;21.33;77.52;3.22;114.67;-33.93;40.37;40.83;39.91
Fri Sep 27 2024 09:41:00 GMT+0530 (India Standard Time);49.7;50.5;49.6;50.25;40.37;58.48;21.33;77.52;3.22;114.67;-33.93;40.37;40.83;39.91
Fri Sep 27 2024 09:42:00 GMT+0530 (India Standard Time);50.35;50.5;48.8;49.35;40.37;58.48;21.33;77.52;3.22;114.67;-33.93;40.37;40.83;39.91
Fri Sep 27 2024 09:43:00 GMT+0530 (India Standard Time);49.1;50.75;49.1;49.8;40.37;58.48;21.33;77.52;3.22;114.67;-33.93;40.37;40.83;39.91
Fri Sep 27 2024 09:44:00 GMT+0530 (India Standard Time);49.75;50.35;49.4;50.15;40.37;58.48;21.33;77.52;3.22;114.67;-33.93;40.37;40.83;39.91
Fri Sep 27 2024 09:45:00 GMT+0530 (India Standard Time);50.3;51;50.1;50.2;40.37;58.48;21.33;77.52;3.22;114.67;-33.93;40.37;40.83;39.91
Fri Sep 27 2024 09:46:00 GMT+0530 (India Standard Time);50.2;55.45;50.05;53.05;40.37;58.48;21.33;77.52;3.22;114.67;-33.93;40.37;40.83;39.91
Fri Sep 27 2024 09:47:00 GMT+0530 (India Standard Time);53.05;55.5;51.95;55.5;40.37;58.48;21.33;77.52;3.22;114.67;-33.93;40.37;40.83;39.91
Fri Sep 27 2024 09:48:00 GMT+0530 (India Standard Time);55.15;55.35;53.7;54.95;40.37;58.48;21.33;77.52;3.22;114.67;-33.93;40.37;40.83;39.91
Fri Sep 27 2024 09:49:00 GMT+0530 (India Standard Time);54.9;55.65;53.45;54.3;40.37;58.48;21.33;77.52;3.22;114.67;-33.93;40.37;40.83;39.91
Fri Sep 27 2024 09:50:00 GMT+0530 (India Standard Time);54.3;59;54.1;57.8;40.37;58.48;21.33;77.52;3.22;114.67;-33.93;40.37;40.83;39.91
Fri Sep 27 2024 09:51:00 GMT+0530 (India Standard Time);57.45;59.45;56.9;57.95;40.37;58.48;21.33;77.52;3.22;114.67;-33.93;40.37;40.83;39.91
Fri Sep 27 2024 09:52:00 GMT+0530 (India Standard Time);57.95;58.3;56.7;57.6;40.37;58.48;21.33;77.52;3.22;114.67;-33.93;40.37;40.83;39.91
Fri Sep 27 2024 09:53:00 GMT+0530 (India Standard Time);57.8;58.5;56.15;57.7;40.37;58.48;21.33;77.52;3.22;114.67;-33.93;40.37;40.83;39.91
Fri Sep 27 2024 09:54:00 GMT+0530 (India Standard Time);57.6;57.95;56.5;56.75;40.37;58.48;21.33;77.52;3.22;114.67;-33.93;40.37;40.83;39.91
Fri Sep 27 2024 09:55:00 GMT+0530 (India Standard Time);56.8;57.55;54.55;55;40.37;58.48;21.33;77.52;3.22;114.67;-33.93;40.37;40.83;39.91
Fri Sep 27 2024 09:56:00 GMT+0530 (India Standard Time);55.15;56.15;54;55.35;40.37;58.48;21.33;77.52;3.22;114.67;-33.93;40.37;40.83;39.91
Fri Sep 27 2024 09:57:00 GMT+0530 (India Standard Time);55;55.8;54.8;55.2;40.37;58.48;21.33;77.52;3.22;114.67;-33.93;40.37;40.83;39.91
Fri Sep 27 2024 09:58:00 GMT+0530 (India Standard Time);54.95;55.95;54.95;55.1;40.37;58.48;21.33;77.52;3.22;114.67;-33.93;40.37;40.83;39.91
Fri Sep 27 2024 09:59:00 GMT+0530 (India Standard Time);55.1;55.45;52.85;53;40.37;58.48;21.33;77.52;3.22;114.67;-33.93;40.37;40.83;39.91
Fri Sep 27 2024 10:00:00 GMT+0530 (India Standard Time);52.5;54.95;51.7;51.9;40.37;58.48;21.33;77.52;3.22;114.67;-33.93;40.37;40.83;39.91
Fri Sep 27 2024 10:01:00 GMT+0530 (India Standard Time);51.9;54.3;51.6;53.8;40.37;58.48;21.33;77.52;3.22;114.67;-33.93;40.37;40.83;39.91
Fri Sep 27 2024 10:02:00 GMT+0530 (India Standard Time);53.8;54.25;53.05;53.45;40.37;58.48;21.33;77.52;3.22;114.67;-33.93;40.37;40.83;39.91
Fri Sep 27 2024 10:03:00 GMT+0530 (India Standard Time);53.45;53.55;51.85;52.85;40.37;58.48;21.33;77.52;3.22;114.67;-33.93;40.37;40.83;39.91
Fri Sep 27 2024 10:04:00 GMT+0530 (India Standard Time);53.1;53.1;51.65;52.05;40.37;58.48;21.33;77.52;3.22;114.67;-33.93;40.37;40.83;39.91
Fri Sep 27 2024 10:05:00 GMT+0530 (India Standard Time);52;52.45;51.05;51.45;40.37;58.48;21.33;77.52;3.22;114.67;-33.93;40.37;40.83;39.91
Fri Sep 27 2024 10:06:00 GMT+0530 (India Standard Time);51.75;52.05;50.5;52;40.37;58.48;21.33;77.52;3.22;114.67;-33.93;40.37;40.83;39.91
Fri Sep 27 2024 10:07:00 GMT+0530 (India Standard Time);52.2;54.5;52;54.1;40.37;58.48;21.33;77.52;3.22;114.67;-33.93;40.37;40.83;39.91
Fri Sep 27 2024 10:08:00 GMT+0530 (India Standard Time);54.2;55.85;53.85;55.1;40.37;58.48;21.33;77.52;3.22;114.67;-33.93;40.37;40.83;39.91
Fri Sep 27 2024 10:09:00 GMT+0530 (India Standard Time);55;56.4;54.8;56.05;40.37;58.48;21.33;77.52;3.22;114.67;-33.93;40.37;40.83;39.91
Fri Sep 27 2024 10:10:00 GMT+0530 (India Standard Time);55.8;57.45;55.6;55.6;40.37;58.48;21.33;77.52;3.22;114.67;-33.93;40.37;40.83;39.91
Fri Sep 27 2024 10:11:00 GMT+0530 (India Standard Time);55.5;56.55;53.3;53.7;40.37;58.48;21.33;77.52;3.22;114.67;-33.93;40.37;40.83;39.91
Fri Sep 27 2024 10:12:00 GMT+0530 (India Standard Time);53.8;55.3;53.6;55.2;40.37;58.48;21.33;77.52;3.22;114.67;-33.93;40.37;40.83;39.91
Fri Sep 27 2024 10:13:00 GMT+0530 (India Standard Time);55;56.35;54.6;54.65;40.37;58.48;21.33;77.52;3.22;114.67;-33.93;40.37;40.83;39.91
Fri Sep 27 2024 10:14:00 GMT+0530 (India Standard Time);54.65;55.75;54.55;54.9;40.37;58.48;21.33;77.52;3.22;114.67;-33.93;40.37;40.83;39.91
Fri Sep 27 2024 10:15:00 GMT+0530 (India Standard Time);54.9;55.9;54.5;54.6;40.37;58.48;21.33;77.52;3.22;114.67;-33.93;40.37;40.83;39.91
Fri Sep 27 2024 10:16:00 GMT+0530 (India Standard Time);54.85;55.1;54.1;54.1;40.37;58.48;21.33;77.52;3.22;114.67;-33.93;40.37;40.83;39.91
Fri Sep 27 2024 10:17:00 GMT+0530 (India Standard Time);54;55;53.5;53.9;40.37;58.48;21.33;77.52;3.22;114.67;-33.93;40.37;40.83;39.91
Fri Sep 27 2024 10:18:00 GMT+0530 (India Standard Time);54.2;54.95;54;54.4;40.37;58.48;21.33;77.52;3.22;114.67;-33.93;40.37;40.83;39.91
Fri Sep 27 2024 10:19:00 GMT+0530 (India Standard Time);54.7;54.8;53.6;53.8;40.37;58.48;21.33;77.52;3.22;114.67;-33.93;40.37;40.83;39.91
Fri Sep 27 2024 10:20:00 GMT+0530 (India Standard Time);53.9;54.75;53.1;53.95;40.37;58.48;21.33;77.52;3.22;114.67;-33.93;40.37;40.83;39.91
Fri Sep 27 2024 10:21:00 GMT+0530 (India Standard Time);53.95;55.05;53.5;54.35;40.37;58.48;21.33;77.52;3.22;114.67;-33.93;40.37;40.83;39.91
Fri Sep 27 2024 10:22:00 GMT+0530 (India Standard Time);54.35;54.55;53.85;54.05;40.37;58.48;21.33;77.52;3.22;114.67;-33.93;40.37;40.83;39.91
Fri Sep 27 2024 10:23:00 GMT+0530 (India Standard Time);53.85;55.55;53.5;55.45;40.37;58.48;21.33;77.52;3.22;114.67;-33.93;40.37;40.83;39.91
Fri Sep 27 2024 10:24:00 GMT+0530 (India Standard Time);55.4;56.1;55.3;55.85;40.37;58.48;21.33;77.52;3.22;114.67;-33.93;40.37;40.83;39.91
Fri Sep 27 2024 10:25:00 GMT+0530 (India Standard Time);55.7;56.95;55.7;55.7;40.37;58.48;21.33;77.52;3.22;114.67;-33.93;40.37;40.83;39.91
Fri Sep 27 2024 10:26:00 GMT+0530 (India Standard Time);55.65;56.55;55.35;55.7;40.37;58.48;21.33;77.52;3.22;114.67;-33.93;40.37;40.83;39.91
Fri Sep 27 2024 10:27:00 GMT+0530 (India Standard Time);55.6;56.35;55.5;56.2;40.37;58.48;21.33;77.52;3.22;114.67;-33.93;40.37;40.83;39.91
Fri Sep 27 2024 10:28:00 GMT+0530 (India Standard Time);56.1;56.75;55.85;55.85;40.37;58.48;21.33;77.52;3.22;114.67;-33.93;40.37;40.83;39.91
Fri Sep 27 2024 10:29:00 GMT+0530 (India Standard Time);55.85;57.15;55.1;56.25;40.37;58.48;21.33;77.52;3.22;114.67;-33.93;40.37;40.83;39.91
Fri Sep 27 2024 10:30:00 GMT+0530 (India Standard Time);56.35;58.95;56.3;57.05;40.37;58.48;21.33;77.52;3.22;114.67;-33.93;40.37;40.83;39.91
Fri Sep 27 2024 10:31:00 GMT+0530 (India Standard Time);57.05;57.2;54.8;55.65;40.37;58.48;21.33;77.52;3.22;114.67;-33.93;40.37;40.83;39.91
Fri Sep 27 2024 10:32:00 GMT+0530 (India Standard Time);55.7;56.1;55;55.4;40.37;58.48;21.33;77.52;3.22;114.67;-33.93;40.37;40.83;39.91
Fri Sep 27 2024 10:33:00 GMT+0530 (India Standard Time);55.5;55.75;54.65;55.65;40.37;58.48;21.33;77.52;3.22;114.67;-33.93;40.37;40.83;39.91
Fri Sep 27 2024 10:34:00 GMT+0530 (India Standard Time);55.65;55.9;55.2;55.7;40.37;58.48;21.33;77.52;3.22;114.67;-33.93;40.37;40.83;39.91
Fri Sep 27 2024 10:35:00 GMT+0530 (India Standard Time);55.6;56.7;55.45;56.45;40.37;58.48;21.33;77.52;3.22;114.67;-33.93;40.37;40.83;39.91
Fri Sep 27 2024 10:36:00 GMT+0530 (India Standard Time);56.5;57.05;56.35;56.75;40.37;58.48;21.33;77.52;3.22;114.67;-33.93;40.37;40.83;39.91
Fri Sep 27 2024 10:37:00 GMT+0530 (India Standard Time);56.6;56.8;55.7;55.9;40.37;58.48;21.33;77.52;3.22;114.67;-33.93;40.37;40.83;39.91
Fri Sep 27 2024 10:38:00 GMT+0530 (India Standard Time);56;56.65;55.5;55.95;40.37;58.48;21.33;77.52;3.22;114.67;-33.93;40.37;40.83;39.91
Fri Sep 27 2024 10:39:00 GMT+0530 (India Standard Time);55.95;56.4;55.8;56.2;40.37;58.48;21.33;77.52;3.22;114.67;-33.93;40.37;40.83;39.91
Fri Sep 27 2024 10:40:00 GMT+0530 (India Standard Time);56.15;56.25;53.9;54.3;40.37;58.48;21.33;77.52;3.22;114.67;-33.93;40.37;40.83;39.91
Fri Sep 27 2024 10:41:00 GMT+0530 (India Standard Time);54.25;54.65;53.25;54.25;40.37;58.48;21.33;77.52;3.22;114.67;-33.93;40.37;40.83;39.91
Fri Sep 27 2024 10:42:00 GMT+0530 (India Standard Time);54.35;56.75;54.35;56.2;40.37;58.48;21.33;77.52;3.22;114.67;-33.93;40.37;40.83;39.91
Fri Sep 27 2024 10:43:00 GMT+0530 (India Standard Time);56.25;56.6;54.25;54.35;40.37;58.48;21.33;77.52;3.22;114.67;-33.93;40.37;40.83;39.91
Fri Sep 27 2024 10:44:00 GMT+0530 (India Standard Time);54.45;55.3;54.25;55.2;40.37;58.48;21.33;77.52;3.22;114.67;-33.93;40.37;40.83;39.91
Fri Sep 27 2024 10:45:00 GMT+0530 (India Standard Time);55.25;55.8;54.55;54.8;40.37;58.48;21.33;77.52;3.22;114.67;-33.93;40.37;40.83;39.91
Fri Sep 27 2024 10:46:00 GMT+0530 (India Standard Time);54.85;54.9;53.4;53.55;40.37;58.48;21.33;77.52;3.22;114.67;-33.93;40.37;40.83;39.91
Fri Sep 27 2024 10:47:00 GMT+0530 (India Standard Time);53.85;54.5;53.55;54.1;40.37;58.48;21.33;77.52;3.22;114.67;-33.93;40.37;40.83;39.91
Fri Sep 27 2024 10:48:00 GMT+0530 (India Standard Time);54.2;54.6;54;54.2;40.37;58.48;21.33;77.52;3.22;114.67;-33.93;40.37;40.83;39.91
Fri Sep 27 2024 10:49:00 GMT+0530 (India Standard Time);54.1;54.9;53.55;54.5;40.37;58.48;21.33;77.52;3.22;114.67;-33.93;40.37;40.83;39.91
Fri Sep 27 2024 10:50:00 GMT+0530 (India Standard Time);54.5;55.6;54.3;55.4;40.37;58.48;21.33;77.52;3.22;114.67;-33.93;40.37;40.83;39.91
Fri Sep 27 2024 10:51:00 GMT+0530 (India Standard Time);55.35;55.7;54.85;54.9;40.37;58.48;21.33;77.52;3.22;114.67;-33.93;40.37;40.83;39.91
Fri Sep 27 2024 10:52:00 GMT+0530 (India Standard Time);54.8;55.6;54.65;55.25;40.37;58.48;21.33;77.52;3.22;114.67;-33.93;40.37;40.83;39.91
Fri Sep 27 2024 10:53:00 GMT+0530 (India Standard Time);55.25;55.7;55.15;55.5;40.37;58.48;21.33;77.52;3.22;114.67;-33.93;40.37;40.83;39.91
Fri Sep 27 2024 10:54:00 GMT+0530 (India Standard Time);55.5;55.55;54.75;55.45;40.37;58.48;21.33;77.52;3.22;114.67;-33.93;40.37;40.83;39.91
Fri Sep 27 2024 10:55:00 GMT+0530 (India Standard Time);55.4;55.85;55;55.65;40.37;58.48;21.33;77.52;3.22;114.67;-33.93;40.37;40.83;39.91
Fri Sep 27 2024 10:56:00 GMT+0530 (India Standard Time);55.65;56.5;55.2;55.95;40.37;58.48;21.33;77.52;3.22;114.67;-33.93;40.37;40.83;39.91
Fri Sep 27 2024 10:57:00 GMT+0530 (India Standard Time);55.9;56.15;52.35;52.35;40.37;58.48;21.33;77.52;3.22;114.67;-33.93;40.37;40.83;39.91
Fri Sep 27 2024 10:58:00 GMT+0530 (India Standard Time);52.05;52.7;48.15;52;40.37;58.48;21.33;77.52;3.22;114.67;-33.93;40.37;40.83;39.91
Fri Sep 27 2024 10:59:00 GMT+0530 (India Standard Time);52;53;51.2;52.95;40.37;58.48;21.33;77.52;3.22;114.67;-33.93;40.37;40.83;39.91
Fri Sep 27 2024 11:00:00 GMT+0530 (India Standard Time);52.7;54.3;52.65;53.35;40.37;58.48;21.33;77.52;3.22;114.67;-33.93;40.37;40.83;39.91
Fri Sep 27 2024 11:01:00 GMT+0530 (India Standard Time);53.35;53.8;51.7;52.1;40.37;58.48;21.33;77.52;3.22;114.67;-33.93;40.37;40.83;39.91
Fri Sep 27 2024 11:02:00 GMT+0530 (India Standard Time);52.1;52.8;51.4;51.4;40.37;58.48;21.33;77.52;3.22;114.67;-33.93;40.37;40.83;39.91
Fri Sep 27 2024 11:03:00 GMT+0530 (India Standard Time);51.35;51.85;50.35;51;40.37;58.48;21.33;77.52;3.22;114.67;-33.93;40.37;40.83;39.91
Fri Sep 27 2024 11:04:00 GMT+0530 (India Standard Time);51.05;52.05;51;51.3;40.37;58.48;21.33;77.52;3.22;114.67;-33.93;40.37;40.83;39.91
Fri Sep 27 2024 11:05:00 GMT+0530 (India Standard Time);51.35;51.45;50.35;51.1;40.37;58.48;21.33;77.52;3.22;114.67;-33.93;40.37;40.83;39.91
Fri Sep 27 2024 11:06:00 GMT+0530 (India Standard Time);51.1;51.8;50.8;51.25;40.37;58.48;21.33;77.52;3.22;114.67;-33.93;40.37;40.83;39.91
Fri Sep 27 2024 11:07:00 GMT+0530 (India Standard Time);51.25;51.25;47.8;48.35;40.37;58.48;21.33;77.52;3.22;114.67;-33.93;40.37;40.83;39.91
Fri Sep 27 2024 11:08:00 GMT+0530 (India Standard Time);48.3;50.35;47.7;50;40.37;58.48;21.33;77.52;3.22;114.67;-33.93;40.37;40.83;39.91
Fri Sep 27 2024 11:09:00 GMT+0530 (India Standard Time);49.95;50.3;46.15;46.15;40.37;58.48;21.33;77.52;3.22;114.67;-33.93;40.37;40.83;39.91
Fri Sep 27 2024 11:10:00 GMT+0530 (India Standard Time);46.8;48.05;43.65;43.65;40.37;58.48;21.33;77.52;3.22;114.67;-33.93;40.37;40.83;39.91
Fri Sep 27 2024 11:11:00 GMT+0530 (India Standard Time);44;46.3;43.6;45.7;40.37;58.48;21.33;77.52;3.22;114.67;-33.93;40.37;40.83;39.91
Fri Sep 27 2024 11:12:00 GMT+0530 (India Standard Time);45.55;47.9;45.55;47.65;40.37;58.48;21.33;77.52;3.22;114.67;-33.93;40.37;40.83;39.91
Fri Sep 27 2024 11:13:00 GMT+0530 (India Standard Time);47.55;47.85;46.35;47.5;40.37;58.48;21.33;77.52;3.22;114.67;-33.93;40.37;40.83;39.91
Fri Sep 27 2024 11:14:00 GMT+0530 (India Standard Time);47.95;48.8;47.5;48.55;40.37;58.48;21.33;77.52;3.22;114.67;-33.93;40.37;40.83;39.91
Fri Sep 27 2024 11:15:00 GMT+0530 (India Standard Time);48.6;48.6;47;47.2;40.37;58.48;21.33;77.52;3.22;114.67;-33.93;40.37;40.83;39.91
Fri Sep 27 2024 11:16:00 GMT+0530 (India Standard Time);47.2;47.3;45.6;45.75;40.37;58.48;21.33;77.52;3.22;114.67;-33.93;40.37;40.83;39.91
Fri Sep 27 2024 11:17:00 GMT+0530 (India Standard Time);45.75;45.95;44.1;44.6;40.37;58.48;21.33;77.52;3.22;114.67;-33.93;40.37;40.83;39.91
Fri Sep 27 2024 11:18:00 GMT+0530 (India Standard Time);44.45;45.35;44.35;44.9;40.37;58.48;21.33;77.52;3.22;114.67;-33.93;40.37;40.83;39.91
Fri Sep 27 2024 11:19:00 GMT+0530 (India Standard Time);44.85;45.05;42.4;43.9;40.37;58.48;21.33;77.52;3.22;114.67;-33.93;40.37;40.83;39.91
Fri Sep 27 2024 11:20:00 GMT+0530 (India Standard Time);44;44.35;42.7;43.55;40.37;58.48;21.33;77.52;3.22;114.67;-33.93;40.37;40.83;39.91
Fri Sep 27 2024 11:21:00 GMT+0530 (India Standard Time);43.55;44.1;42.65;44.1;40.37;58.48;21.33;77.52;3.22;114.67;-33.93;40.37;40.83;39.91
Fri Sep 27 2024 11:22:00 GMT+0530 (India Standard Time);43.9;44.7;43.9;44.1;40.37;58.48;21.33;77.52;3.22;114.67;-33.93;40.37;40.83;39.91
Fri Sep 27 2024 11:23:00 GMT+0530 (India Standard Time);44.1;44.5;43.5;44.4;40.37;58.48;21.33;77.52;3.22;114.67;-33.93;40.37;40.83;39.91
Fri Sep 27 2024 11:24:00 GMT+0530 (India Standard Time);44.2;44.75;43.65;44.3;40.37;58.48;21.33;77.52;3.22;114.67;-33.93;40.37;40.83;39.91
Fri Sep 27 2024 11:25:00 GMT+0530 (India Standard Time);44.55;44.65;44;44.3;40.37;58.48;21.33;77.52;3.22;114.67;-33.93;40.37;40.83;39.91
Fri Sep 27 2024 11:26:00 GMT+0530 (India Standard Time);44.4;45.35;44.25;45;40.37;58.48;21.33;77.52;3.22;114.67;-33.93;40.37;40.83;39.91
Fri Sep 27 2024 11:27:00 GMT+0530 (India Standard Time);45;46.3;45;46.25;40.37;58.48;21.33;77.52;3.22;114.67;-33.93;40.37;40.83;39.91
Fri Sep 27 2024 11:28:00 GMT+0530 (India Standard Time);46.2;46.65;45.9;46.3;40.37;58.48;21.33;77.52;3.22;114.67;-33.93;40.37;40.83;39.91
Fri Sep 27 2024 11:29:00 GMT+0530 (India Standard Time);46.3;48.2;46.3;47.6;40.37;58.48;21.33;77.52;3.22;114.67;-33.93;40.37;40.83;39.91
Fri Sep 27 2024 11:30:00 GMT+0530 (India Standard Time);47.6;47.85;45.8;47.15;40.37;58.48;21.33;77.52;3.22;114.67;-33.93;40.37;40.83;39.91
Fri Sep 27 2024 11:31:00 GMT+0530 (India Standard Time);47.15;47.2;46.55;46.75;40.37;58.48;21.33;77.52;3.22;114.67;-33.93;40.37;40.83;39.91
Fri Sep 27 2024 11:32:00 GMT+0530 (India Standard Time);46.75;46.85;45.65;46.4;40.37;58.48;21.33;77.52;3.22;114.67;-33.93;40.37;40.83;39.91
Fri Sep 27 2024 11:33:00 GMT+0530 (India Standard Time);46.4;46.4;45.6;45.8;40.37;58.48;21.33;77.52;3.22;114.67;-33.93;40.37;40.83;39.91
Fri Sep 27 2024 11:34:00 GMT+0530 (India Standard Time);45.8;46.25;45;45.9;40.37;58.48;21.33;77.52;3.22;114.67;-33.93;40.37;40.83;39.91
Fri Sep 27 2024 11:35:00 GMT+0530 (India Standard Time);45.9;46.3;45.1;46.05;40.37;58.48;21.33;77.52;3.22;114.67;-33.93;40.37;40.83;39.91
Fri Sep 27 2024 11:36:00 GMT+0530 (India Standard Time);46;46.35;44.65;45;40.37;58.48;21.33;77.52;3.22;114.67;-33.93;40.37;40.83;39.91
Fri Sep 27 2024 11:37:00 GMT+0530 (India Standard Time);45.2;46;44.8;45.95;40.37;58.48;21.33;77.52;3.22;114.67;-33.93;40.37;40.83;39.91
Fri Sep 27 2024 11:38:00 GMT+0530 (India Standard Time);45.9;47.45;45.55;46.75;40.37;58.48;21.33;77.52;3.22;114.67;-33.93;40.37;40.83;39.91
Fri Sep 27 2024 11:39:00 GMT+0530 (India Standard Time);47;47;45.5;45.8;40.37;58.48;21.33;77.52;3.22;114.67;-33.93;40.37;40.83;39.91
Fri Sep 27 2024 11:40:00 GMT+0530 (India Standard Time);45.85;46.4;45.5;45.85;40.37;58.48;21.33;77.52;3.22;114.67;-33.93;40.37;40.83;39.91
Fri Sep 27 2024 11:41:00 GMT+0530 (India Standard Time);46.05;46.2;45.2;45.85;40.37;58.48;21.33;77.52;3.22;114.67;-33.93;40.37;40.83;39.91
Fri Sep 27 2024 11:42:00 GMT+0530 (India Standard Time);45.85;45.85;44.65;44.85;40.37;58.48;21.33;77.52;3.22;114.67;-33.93;40.37;40.83;39.91
Fri Sep 27 2024 11:43:00 GMT+0530 (India Standard Time);44.65;45.3;44.65;45.05;40.37;58.48;21.33;77.52;3.22;114.67;-33.93;40.37;40.83;39.91
Fri Sep 27 2024 11:44:00 GMT+0530 (India Standard Time);45;45.4;44.5;45.05;40.37;58.48;21.33;77.52;3.22;114.67;-33.93;40.37;40.83;39.91
Fri Sep 27 2024 11:45:00 GMT+0530 (India Standard Time);45;45.2;44.65;45;40.37;58.48;21.33;77.52;3.22;114.67;-33.93;40.37;40.83;39.91
Fri Sep 27 2024 11:46:00 GMT+0530 (India Standard Time);44.95;45.8;44.6;45.8;40.37;58.48;21.33;77.52;3.22;114.67;-33.93;40.37;40.83;39.91
Fri Sep 27 2024 11:47:00 GMT+0530 (India Standard Time);45.85;46.2;45.4;45.85;40.37;58.48;21.33;77.52;3.22;114.67;-33.93;40.37;40.83;39.91
Fri Sep 27 2024 11:48:00 GMT+0530 (India Standard Time);45.75;46.4;45.4;45.45;40.37;58.48;21.33;77.52;3.22;114.67;-33.93;40.37;40.83;39.91
Fri Sep 27 2024 11:49:00 GMT+0530 (India Standard Time);45.55;45.8;45;45.15;40.37;58.48;21.33;77.52;3.22;114.67;-33.93;40.37;40.83;39.91
Fri Sep 27 2024 11:50:00 GMT+0530 (India Standard Time);45.15;46.1;45.05;45.65;40.37;58.48;21.33;77.52;3.22;114.67;-33.93;40.37;40.83;39.91
Fri Sep 27 2024 11:51:00 GMT+0530 (India Standard Time);45.65;45.95;45.15;45.55;40.37;58.48;21.33;77.52;3.22;114.67;-33.93;40.37;40.83;39.91
Fri Sep 27 2024 11:52:00 GMT+0530 (India Standard Time);45.55;45.75;45.05;45.45;40.37;58.48;21.33;77.52;3.22;114.67;-33.93;40.37;40.83;39.91
Fri Sep 27 2024 11:53:00 GMT+0530 (India Standard Time);45.45;45.45;44.35;44.65;40.37;58.48;21.33;77.52;3.22;114.67;-33.93;40.37;40.83;39.91
Fri Sep 27 2024 11:54:00 GMT+0530 (India Standard Time);44.65;45.1;44;44.85;40.37;58.48;21.33;77.52;3.22;114.67;-33.93;40.37;40.83;39.91
Fri Sep 27 2024 11:55:00 GMT+0530 (India Standard Time);44.9;45.9;44.25;44.25;40.37;58.48;21.33;77.52;3.22;114.67;-33.93;40.37;40.83;39.91
Fri Sep 27 2024 11:56:00 GMT+0530 (India Standard Time);44.15;44.75;41.65;41.65;40.37;58.48;21.33;77.52;3.22;114.67;-33.93;40.37;40.83;39.91
Fri Sep 27 2024 11:57:00 GMT+0530 (India Standard Time);41.6;41.85;39.6;40.45;40.37;58.48;21.33;77.52;3.22;114.67;-33.93;40.37;40.83;39.91
Fri Sep 27 2024 11:58:00 GMT+0530 (India Standard Time);40.45;41.35;40.15;41.2;40.37;58.48;21.33;77.52;3.22;114.67;-33.93;40.37;40.83;39.91
Fri Sep 27 2024 11:59:00 GMT+0530 (India Standard Time);41.25;41.7;40.85;40.85;40.37;58.48;21.33;77.52;3.22;114.67;-33.93;40.37;40.83;39.91
Fri Sep 27 2024 12:00:00 GMT+0530 (India Standard Time);40.85;42.2;40.55;42;40.37;58.48;21.33;77.52;3.22;114.67;-33.93;40.37;40.83;39.91
Fri Sep 27 2024 12:01:00 GMT+0530 (India Standard Time);41.9;43;41.75;42.75;40.37;58.48;21.33;77.52;3.22;114.67;-33.93;40.37;40.83;39.91
Fri Sep 27 2024 12:02:00 GMT+0530 (India Standard Time);42.55;42.95;42.05;42.55;40.37;58.48;21.33;77.52;3.22;114.67;-33.93;40.37;40.83;39.91
Fri Sep 27 2024 12:03:00 GMT+0530 (India Standard Time);42.65;44;42.1;43.95;40.37;58.48;21.33;77.52;3.22;114.67;-33.93;40.37;40.83;39.91
Fri Sep 27 2024 12:04:00 GMT+0530 (India Standard Time);43.7;44.25;43.5;43.85;40.37;58.48;21.33;77.52;3.22;114.67;-33.93;40.37;40.83;39.91
Fri Sep 27 2024 12:05:00 GMT+0530 (India Standard Time);44;45.7;43.85;45.05;40.37;58.48;21.33;77.52;3.22;114.67;-33.93;40.37;40.83;39.91
Fri Sep 27 2024 12:06:00 GMT+0530 (India Standard Time);45.2;46.1;44.85;46;40.37;58.48;21.33;77.52;3.22;114.67;-33.93;40.37;40.83;39.91
Fri Sep 27 2024 12:07:00 GMT+0530 (India Standard Time);45.9;46;44.75;44.8;40.37;58.48;21.33;77.52;3.22;114.67;-33.93;40.37;40.83;39.91
Fri Sep 27 2024 12:08:00 GMT+0530 (India Standard Time);44.8;45.15;44.05;44.25;40.37;58.48;21.33;77.52;3.22;114.67;-33.93;40.37;40.83;39.91
Fri Sep 27 2024 12:09:00 GMT+0530 (India Standard Time);44.3;44.5;43.1;43.15;40.37;58.48;21.33;77.52;3.22;114.67;-33.93;40.37;40.83;39.91
Fri Sep 27 2024 12:10:00 GMT+0530 (India Standard Time);43.25;44.15;43;43.2;40.37;58.48;21.33;77.52;3.22;114.67;-33.93;40.37;40.83;39.91
Fri Sep 27 2024 12:11:00 GMT+0530 (India Standard Time);43.25;43.85;42.8;43.6;40.37;58.48;21.33;77.52;3.22;114.67;-33.93;40.37;40.83;39.91
Fri Sep 27 2024 12:12:00 GMT+0530 (India Standard Time);43.5;44.55;43.05;44.5;40.37;58.48;21.33;77.52;3.22;114.67;-33.93;40.37;40.83;39.91
Fri Sep 27 2024 12:13:00 GMT+0530 (India Standard Time);44.45;44.75;44.1;44.5;40.37;58.48;21.33;77.52;3.22;114.67;-33.93;40.37;40.83;39.91
Fri Sep 27 2024 12:14:00 GMT+0530 (India Standard Time);44.45;45.2;44.25;45.15;40.37;58.48;21.33;77.52;3.22;114.67;-33.93;40.37;40.83;39.91
Fri Sep 27 2024 12:15:00 GMT+0530 (India Standard Time);45.15;46;44.8;45.75;40.37;58.48;21.33;77.52;3.22;114.67;-33.93;40.37;40.83;39.91
Fri Sep 27 2024 12:16:00 GMT+0530 (India Standard Time);45.85;45.85;44.7;44.8;40.37;58.48;21.33;77.52;3.22;114.67;-33.93;40.37;40.83;39.91
Fri Sep 27 2024 12:17:00 GMT+0530 (India Standard Time);44.6;45.25;44.25;45.05;40.37;58.48;21.33;77.52;3.22;114.67;-33.93;40.37;40.83;39.91
Fri Sep 27 2024 12:18:00 GMT+0530 (India Standard Time);45.3;46.1;45;45.85;40.37;58.48;21.33;77.52;3.22;114.67;-33.93;40.37;40.83;39.91
Fri Sep 27 2024 12:19:00 GMT+0530 (India Standard Time);45.95;46.6;45.6;45.6;40.37;58.48;21.33;77.52;3.22;114.67;-33.93;40.37;40.83;39.91
Fri Sep 27 2024 12:20:00 GMT+0530 (India Standard Time);45.8;45.8;44.45;44.75;40.37;58.48;21.33;77.52;3.22;114.67;-33.93;40.37;40.83;39.91
Fri Sep 27 2024 12:21:00 GMT+0530 (India Standard Time);44.75;45.85;44.6;45.7;40.37;58.48;21.33;77.52;3.22;114.67;-33.93;40.37;40.83;39.91
Fri Sep 27 2024 12:22:00 GMT+0530 (India Standard Time);45.55;45.8;44.9;45;40.37;58.48;21.33;77.52;3.22;114.67;-33.93;40.37;40.83;39.91
Fri Sep 27 2024 12:23:00 GMT+0530 (India Standard Time);45;45.45;44.55;44.7;40.37;58.48;21.33;77.52;3.22;114.67;-33.93;40.37;40.83;39.91
Fri Sep 27 2024 12:24:00 GMT+0530 (India Standard Time);44.7;45.75;44.2;45.75;40.37;58.48;21.33;77.52;3.22;114.67;-33.93;40.37;40.83;39.91
Fri Sep 27 2024 12:25:00 GMT+0530 (India Standard Time);45.75;45.85;45;45.85;40.37;58.48;21.33;77.52;3.22;114.67;-33.93;40.37;40.83;39.91
Fri Sep 27 2024 12:26:00 GMT+0530 (India Standard Time);45.85;46.8;45.7;46.2;40.37;58.48;21.33;77.52;3.22;114.67;-33.93;40.37;40.83;39.91
Fri Sep 27 2024 12:27:00 GMT+0530 (India Standard Time);46.25;46.3;45.15;45.6;40.37;58.48;21.33;77.52;3.22;114.67;-33.93;40.37;40.83;39.91
Fri Sep 27 2024 12:28:00 GMT+0530 (India Standard Time);45.5;45.5;44.15;44.75;40.37;58.48;21.33;77.52;3.22;114.67;-33.93;40.37;40.83;39.91
Fri Sep 27 2024 12:29:00 GMT+0530 (India Standard Time);44.75;45.05;44.15;44.6;40.37;58.48;21.33;77.52;3.22;114.67;-33.93;40.37;40.83;39.91
Fri Sep 27 2024 12:30:00 GMT+0530 (India Standard Time);44.6;44.75;43.9;44.2;40.37;58.48;21.33;77.52;3.22;114.67;-33.93;40.37;40.83;39.91
Fri Sep 27 2024 12:31:00 GMT+0530 (India Standard Time);44.25;45.2;44;44.9;40.37;58.48;21.33;77.52;3.22;114.67;-33.93;40.37;40.83;39.91
Fri Sep 27 2024 12:32:00 GMT+0530 (India Standard Time);44.9;45.1;43.6;43.6;40.37;58.48;21.33;77.52;3.22;114.67;-33.93;40.37;40.83;39.91
Fri Sep 27 2024 12:33:00 GMT+0530 (India Standard Time);43.65;43.65;42.5;43.25;40.37;58.48;21.33;77.52;3.22;114.67;-33.93;40.37;40.83;39.91
Fri Sep 27 2024 12:34:00 GMT+0530 (India Standard Time);43.25;43.55;42.7;43.05;40.37;58.48;21.33;77.52;3.22;114.67;-33.93;40.37;40.83;39.91
Fri Sep 27 2024 12:35:00 GMT+0530 (India Standard Time);43.2;43.6;42.3;43.35;40.37;58.48;21.33;77.52;3.22;114.67;-33.93;40.37;40.83;39.91
Fri Sep 27 2024 12:36:00 GMT+0530 (India Standard Time);43.35;43.75;43.25;43.55;40.37;58.48;21.33;77.52;3.22;114.67;-33.93;40.37;40.83;39.91
Fri Sep 27 2024 12:37:00 GMT+0530 (India Standard Time);43.6;44.35;43.5;44.2;40.37;58.48;21.33;77.52;3.22;114.67;-33.93;40.37;40.83;39.91
Fri Sep 27 2024 12:38:00 GMT+0530 (India Standard Time);44.2;44.2;42.45;42.5;40.37;58.48;21.33;77.52;3.22;114.67;-33.93;40.37;40.83;39.91
Fri Sep 27 2024 12:39:00 GMT+0530 (India Standard Time);42.45;43.15;41.8;43;40.37;58.48;21.33;77.52;3.22;114.67;-33.93;40.37;40.83;39.91
Fri Sep 27 2024 12:40:00 GMT+0530 (India Standard Time);42.95;43.3;41.7;42.15;40.37;58.48;21.33;77.52;3.22;114.67;-33.93;40.37;40.83;39.91
Fri Sep 27 2024 12:41:00 GMT+0530 (India Standard Time);42.35;43.2;41.85;42.85;40.37;58.48;21.33;77.52;3.22;114.67;-33.93;40.37;40.83;39.91
Fri Sep 27 2024 12:42:00 GMT+0530 (India Standard Time);42.8;42.9;42.15;42.15;40.37;58.48;21.33;77.52;3.22;114.67;-33.93;40.37;40.83;39.91
Fri Sep 27 2024 12:43:00 GMT+0530 (India Standard Time);42.4;43.75;42.35;43.45;40.37;58.48;21.33;77.52;3.22;114.67;-33.93;40.37;40.83;39.91
Fri Sep 27 2024 12:44:00 GMT+0530 (India Standard Time);43.45;43.75;42.4;42.5;40.37;58.48;21.33;77.52;3.22;114.67;-33.93;40.37;40.83;39.91
Fri Sep 27 2024 12:45:00 GMT+0530 (India Standard Time);42.3;43.4;41.75;43.4;40.37;58.48;21.33;77.52;3.22;114.67;-33.93;40.37;40.83;39.91
Fri Sep 27 2024 12:46:00 GMT+0530 (India Standard Time);43.4;44;43.25;43.9;40.37;58.48;21.33;77.52;3.22;114.67;-33.93;40.37;40.83;39.91
Fri Sep 27 2024 12:47:00 GMT+0530 (India Standard Time);43.9;43.9;43.05;43.15;40.37;58.48;21.33;77.52;3.22;114.67;-33.93;40.37;40.83;39.91
Fri Sep 27 2024 12:48:00 GMT+0530 (India Standard Time);43.15;43.35;42.5;43.2;40.37;58.48;21.33;77.52;3.22;114.67;-33.93;40.37;40.83;39.91
Fri Sep 27 2024 12:49:00 GMT+0530 (India Standard Time);43.25;43.4;42.1;42.3;40.37;58.48;21.33;77.52;3.22;114.67;-33.93;40.37;40.83;39.91
Fri Sep 27 2024 12:50:00 GMT+0530 (India Standard Time);42.3;42.35;40.85;41.05;40.37;58.48;21.33;77.52;3.22;114.67;-33.93;40.37;40.83;39.91
Fri Sep 27 2024 12:51:00 GMT+0530 (India Standard Time);41.05;41.65;39.05;39.05;40.37;58.48;21.33;77.52;3.22;114.67;-33.93;40.37;40.83;39.91
Fri Sep 27 2024 12:52:00 GMT+0530 (India Standard Time);39.35;40.35;38.85;39.2;40.37;58.48;21.33;77.52;3.22;114.67;-33.93;40.37;40.83;39.91
Fri Sep 27 2024 12:53:00 GMT+0530 (India Standard Time);39.25;39.9;37.75;37.9;40.37;58.48;21.33;77.52;3.22;114.67;-33.93;40.37;40.83;39.91
Fri Sep 27 2024 12:54:00 GMT+0530 (India Standard Time);38.05;38.8;37.45;38.6;40.37;58.48;21.33;77.52;3.22;114.67;-33.93;40.37;40.83;39.91
Fri Sep 27 2024 12:55:00 GMT+0530 (India Standard Time);38.5;38.8;35.9;36.35;40.37;58.48;21.33;77.52;3.22;114.67;-33.93;40.37;40.83;39.91
Fri Sep 27 2024 12:56:00 GMT+0530 (India Standard Time);36.2;36.85;35.75;36.65;40.37;58.48;21.33;77.52;3.22;114.67;-33.93;40.37;40.83;39.91
Fri Sep 27 2024 12:57:00 GMT+0530 (India Standard Time);36.65;36.8;35.2;35.75;40.37;58.48;21.33;77.52;3.22;114.67;-33.93;40.37;40.83;39.91
Fri Sep 27 2024 12:58:00 GMT+0530 (India Standard Time);35.85;36.55;35.25;36.45;40.37;58.48;21.33;77.52;3.22;114.67;-33.93;40.37;40.83;39.91
Fri Sep 27 2024 12:59:00 GMT+0530 (India Standard Time);36.3;36.85;35.65;35.75;40.37;58.48;21.33;77.52;3.22;114.67;-33.93;40.37;40.83;39.91
Fri Sep 27 2024 13:00:00 GMT+0530 (India Standard Time);35.8;36.65;35.35;35.6;40.37;58.48;21.33;77.52;3.22;114.67;-33.93;40.37;40.83;39.91
Fri Sep 27 2024 13:01:00 GMT+0530 (India Standard Time);35.7;36.6;35.55;36.4;40.37;58.48;21.33;77.52;3.22;114.67;-33.93;40.37;40.83;39.91
Fri Sep 27 2024 13:02:00 GMT+0530 (India Standard Time);36.35;38.45;36.2;38.25;40.37;58.48;21.33;77.52;3.22;114.67;-33.93;40.37;40.83;39.91
Fri Sep 27 2024 13:03:00 GMT+0530 (India Standard Time);38.1;39.4;38;39.2;40.37;58.48;21.33;77.52;3.22;114.67;-33.93;40.37;40.83;39.91
Fri Sep 27 2024 13:04:00 GMT+0530 (India Standard Time);39.15;39.35;38.1;38.2;40.37;58.48;21.33;77.52;3.22;114.67;-33.93;40.37;40.83;39.91
Fri Sep 27 2024 13:05:00 GMT+0530 (India Standard Time);38.2;38.8;37.5;37.9;40.37;58.48;21.33;77.52;3.22;114.67;-33.93;40.37;40.83;39.91
Fri Sep 27 2024 13:06:00 GMT+0530 (India Standard Time);38;38.9;37.95;38;40.37;58.48;21.33;77.52;3.22;114.67;-33.93;40.37;40.83;39.91
Fri Sep 27 2024 13:07:00 GMT+0530 (India Standard Time);38;38.75;37.75;38.7;40.37;58.48;21.33;77.52;3.22;114.67;-33.93;40.37;40.83;39.91
Fri Sep 27 2024 13:08:00 GMT+0530 (India Standard Time);38.65;38.75;37.35;37.4;40.37;58.48;21.33;77.52;3.22;114.67;-33.93;40.37;40.83;39.91
Fri Sep 27 2024 13:09:00 GMT+0530 (India Standard Time);37.4;37.8;37.05;37.2;40.37;58.48;21.33;77.52;3.22;114.67;-33.93;40.37;40.83;39.91
Fri Sep 27 2024 13:10:00 GMT+0530 (India Standard Time);37.2;37.85;37;37.5;40.37;58.48;21.33;77.52;3.22;114.67;-33.93;40.37;40.83;39.91
Fri Sep 27 2024 13:11:00 GMT+0530 (India Standard Time);37.55;37.7;36.6;37.55;40.37;58.48;21.33;77.52;3.22;114.67;-33.93;40.37;40.83;39.91
Fri Sep 27 2024 13:12:00 GMT+0530 (India Standard Time);37.65;38.25;37.5;37.9;40.37;58.48;21.33;77.52;3.22;114.67;-33.93;40.37;40.83;39.91
Fri Sep 27 2024 13:13:00 GMT+0530 (India Standard Time);37.9;37.95;35.6;36.3;40.37;58.48;21.33;77.52;3.22;114.67;-33.93;40.37;40.83;39.91
Fri Sep 27 2024 13:14:00 GMT+0530 (India Standard Time);36.3;37.2;35.85;36.55;40.37;58.48;21.33;77.52;3.22;114.67;-33.93;40.37;40.83;39.91
Fri Sep 27 2024 13:15:00 GMT+0530 (India Standard Time);36.55;36.75;36.05;36.6;40.37;58.48;21.33;77.52;3.22;114.67;-33.93;40.37;40.83;39.91
Fri Sep 27 2024 13:16:00 GMT+0530 (India Standard Time);36.6;37.05;35.95;36.75;40.37;58.48;21.33;77.52;3.22;114.67;-33.93;40.37;40.83;39.91
Fri Sep 27 2024 13:17:00 GMT+0530 (India Standard Time);36.85;38;36.45;37.8;40.37;58.48;21.33;77.52;3.22;114.67;-33.93;40.37;40.83;39.91
Fri Sep 27 2024 13:18:00 GMT+0530 (India Standard Time);37.8;38.5;37.6;38.3;40.37;58.48;21.33;77.52;3.22;114.67;-33.93;40.37;40.83;39.91
Fri Sep 27 2024 13:19:00 GMT+0530 (India Standard Time);38.2;38.5;37.4;37.4;40.37;58.48;21.33;77.52;3.22;114.67;-33.93;40.37;40.83;39.91
Fri Sep 27 2024 13:20:00 GMT+0530 (India Standard Time);37.4;38;37.15;37.7;40.37;58.48;21.33;77.52;3.22;114.67;-33.93;40.37;40.83;39.91
Fri Sep 27 2024 13:21:00 GMT+0530 (India Standard Time);37.55;37.6;36.1;36.65;40.37;58.48;21.33;77.52;3.22;114.67;-33.93;40.37;40.83;39.91
Fri Sep 27 2024 13:22:00 GMT+0530 (India Standard Time);36.4;36.7;35.1;36.45;40.37;58.48;21.33;77.52;3.22;114.67;-33.93;40.37;40.83;39.91
Fri Sep 27 2024 13:23:00 GMT+0530 (India Standard Time);36.5;36.5;34.35;35.1;40.37;58.48;21.33;77.52;3.22;114.67;-33.93;40.37;40.83;39.91
Fri Sep 27 2024 13:24:00 GMT+0530 (India Standard Time);35;35;33.7;34.35;40.37;58.48;21.33;77.52;3.22;114.67;-33.93;40.37;40.83;39.91
Fri Sep 27 2024 13:25:00 GMT+0530 (India Standard Time);34.15;35.75;34.15;35.35;40.37;58.48;21.33;77.52;3.22;114.67;-33.93;40.37;40.83;39.91
Fri Sep 27 2024 13:26:00 GMT+0530 (India Standard Time);35.3;35.8;34.7;35.65;40.37;58.48;21.33;77.52;3.22;114.67;-33.93;40.37;40.83;39.91
Fri Sep 27 2024 13:27:00 GMT+0530 (India Standard Time);35.65;35.8;34.8;35.7;40.37;58.48;21.33;77.52;3.22;114.67;-33.93;40.37;40.83;39.91
Fri Sep 27 2024 13:28:00 GMT+0530 (India Standard Time);35.7;35.85;34.3;35.3;40.37;58.48;21.33;77.52;3.22;114.67;-33.93;40.37;40.83;39.91
Fri Sep 27 2024 13:29:00 GMT+0530 (India Standard Time);35.3;35.75;35;35.65;40.37;58.48;21.33;77.52;3.22;114.67;-33.93;40.37;40.83;39.91
Fri Sep 27 2024 13:30:00 GMT+0530 (India Standard Time);35.65;36.45;35.1;36.25;40.37;58.48;21.33;77.52;3.22;114.67;-33.93;40.37;40.83;39.91
Fri Sep 27 2024 13:31:00 GMT+0530 (India Standard Time);36.2;37.55;36.15;37.3;40.37;58.48;21.33;77.52;3.22;114.67;-33.93;40.37;40.83;39.91
Fri Sep 27 2024 13:32:00 GMT+0530 (India Standard Time);37.3;37.35;35.7;36.2;40.37;58.48;21.33;77.52;3.22;114.67;-33.93;40.37;40.83;39.91
Fri Sep 27 2024 13:33:00 GMT+0530 (India Standard Time);36.2;36.2;35.65;35.8;40.37;58.48;21.33;77.52;3.22;114.67;-33.93;40.37;40.83;39.91
Fri Sep 27 2024 13:34:00 GMT+0530 (India Standard Time);35.85;36.2;35.5;36;40.37;58.48;21.33;77.52;3.22;114.67;-33.93;40.37;40.83;39.91
Fri Sep 27 2024 13:35:00 GMT+0530 (India Standard Time);36.1;37.1;36.1;36.85;40.37;58.48;21.33;77.52;3.22;114.67;-33.93;40.37;40.83;39.91
Fri Sep 27 2024 13:36:00 GMT+0530 (India Standard Time);37;38.3;36.9;37.9;40.37;58.48;21.33;77.52;3.22;114.67;-33.93;40.37;40.83;39.91
Fri Sep 27 2024 13:37:00 GMT+0530 (India Standard Time);37.95;38.45;37.15;38.2;40.37;58.48;21.33;77.52;3.22;114.67;-33.93;40.37;40.83;39.91
Fri Sep 27 2024 13:38:00 GMT+0530 (India Standard Time);38.15;38.7;37.75;38.5;40.37;58.48;21.33;77.52;3.22;114.67;-33.93;40.37;40.83;39.91
Fri Sep 27 2024 13:39:00 GMT+0530 (India Standard Time);38.55;38.55;37.25;37.65;40.37;58.48;21.33;77.52;3.22;114.67;-33.93;40.37;40.83;39.91
Fri Sep 27 2024 13:40:00 GMT+0530 (India Standard Time);37.65;39;37.4;39;40.37;58.48;21.33;77.52;3.22;114.67;-33.93;40.37;40.83;39.91
Fri Sep 27 2024 13:41:00 GMT+0530 (India Standard Time);39.05;39.15;38.1;38.5;40.37;58.48;21.33;77.52;3.22;114.67;-33.93;40.37;40.83;39.91
Fri Sep 27 2024 13:42:00 GMT+0530 (India Standard Time);38.4;38.65;37.75;38.15;40.37;58.48;21.33;77.52;3.22;114.67;-33.93;40.37;40.83;39.91
Fri Sep 27 2024 13:43:00 GMT+0530 (India Standard Time);38.25;39.2;38.1;39.1;40.37;58.48;21.33;77.52;3.22;114.67;-33.93;40.37;40.83;39.91
Fri Sep 27 2024 13:44:00 GMT+0530 (India Standard Time);39.05;39.25;38.6;38.85;40.37;58.48;21.33;77.52;3.22;114.67;-33.93;40.37;40.83;39.91
Fri Sep 27 2024 13:45:00 GMT+0530 (India Standard Time);38.85;40.15;38.7;39.9;40.37;58.48;21.33;77.52;3.22;114.67;-33.93;40.37;40.83;39.91
Fri Sep 27 2024 13:46:00 GMT+0530 (India Standard Time);39.95;40.75;39.7;40.35;40.37;58.48;21.33;77.52;3.22;114.67;-33.93;40.37;40.83;39.91
Fri Sep 27 2024 13:47:00 GMT+0530 (India Standard Time);40.35;40.35;39.1;39.6;40.37;58.48;21.33;77.52;3.22;114.67;-33.93;40.37;40.83;39.91
Fri Sep 27 2024 13:48:00 GMT+0530 (India Standard Time);39.6;40.4;39.4;39.8;40.37;58.48;21.33;77.52;3.22;114.67;-33.93;40.37;40.83;39.91
Fri Sep 27 2024 13:49:00 GMT+0530 (India Standard Time);39.85;40.55;39.7;40.4;40.37;58.48;21.33;77.52;3.22;114.67;-33.93;40.37;40.83;39.91
Fri Sep 27 2024 13:50:00 GMT+0530 (India Standard Time);40.3;42.15;39.9;42.05;40.37;58.48;21.33;77.52;3.22;114.67;-33.93;40.37;40.83;39.91
Fri Sep 27 2024 13:51:00 GMT+0530 (India Standard Time);42.05;45;41.85;44.3;40.37;58.48;21.33;77.52;3.22;114.67;-33.93;40.37;40.83;39.91
Fri Sep 27 2024 13:52:00 GMT+0530 (India Standard Time);44.05;45.7;43.7;45.35;40.37;58.48;21.33;77.52;3.22;114.67;-33.93;40.37;40.83;39.91
Fri Sep 27 2024 13:53:00 GMT+0530 (India Standard Time);45.5;45.6;44.7;45.45;40.37;58.48;21.33;77.52;3.22;114.67;-33.93;40.37;40.83;39.91
Fri Sep 27 2024 13:54:00 GMT+0530 (India Standard Time);45.35;47.05;45.15;47.05;40.37;58.48;21.33;77.52;3.22;114.67;-33.93;40.37;40.83;39.91
Fri Sep 27 2024 13:55:00 GMT+0530 (India Standard Time);47.05;49.6;46.7;48.15;40.37;58.48;21.33;77.52;3.22;114.67;-33.93;40.37;40.83;39.91
Fri Sep 27 2024 13:56:00 GMT+0530 (India Standard Time);48.15;48.3;44.7;45.25;40.37;58.48;21.33;77.52;3.22;114.67;-33.93;40.37;40.83;39.91
Fri Sep 27 2024 13:57:00 GMT+0530 (India Standard Time);45.15;45.5;43.05;43.85;40.37;58.48;21.33;77.52;3.22;114.67;-33.93;40.37;40.83;39.91
Fri Sep 27 2024 13:58:00 GMT+0530 (India Standard Time);43.8;45.3;43.45;43.75;40.37;58.48;21.33;77.52;3.22;114.67;-33.93;40.37;40.83;39.91
Fri Sep 27 2024 13:59:00 GMT+0530 (India Standard Time);43.8;44.7;43.5;44.35;40.37;58.48;21.33;77.52;3.22;114.67;-33.93;40.37;40.83;39.91
Fri Sep 27 2024 14:00:00 GMT+0530 (India Standard Time);44.4;45.5;43.8;43.8;40.37;58.48;21.33;77.52;3.22;114.67;-33.93;40.37;40.83;39.91
Fri Sep 27 2024 14:01:00 GMT+0530 (India Standard Time);43.8;43.8;40.35;40.45;40.37;58.48;21.33;77.52;3.22;114.67;-33.93;40.37;40.83;39.91
Fri Sep 27 2024 14:02:00 GMT+0530 (India Standard Time);40.45;41.05;38.5;38.95;40.37;58.48;21.33;77.52;3.22;114.67;-33.93;40.37;40.83;39.91
Fri Sep 27 2024 14:03:00 GMT+0530 (India Standard Time);39.2;41;38.85;40.55;40.37;58.48;21.33;77.52;3.22;114.67;-33.93;40.37;40.83;39.91
Fri Sep 27 2024 14:04:00 GMT+0530 (India Standard Time);40.5;41.5;40.15;40.75;40.37;58.48;21.33;77.52;3.22;114.67;-33.93;40.37;40.83;39.91
Fri Sep 27 2024 14:05:00 GMT+0530 (India Standard Time);40.8;40.8;39.15;39.55;40.37;58.48;21.33;77.52;3.22;114.67;-33.93;40.37;40.83;39.91
Fri Sep 27 2024 14:06:00 GMT+0530 (India Standard Time);39.45;40.05;37.95;38.45;40.37;58.48;21.33;77.52;3.22;114.67;-33.93;40.37;40.83;39.91
Fri Sep 27 2024 14:07:00 GMT+0530 (India Standard Time);38.4;39.8;38.35;38.35;40.37;58.48;21.33;77.52;3.22;114.67;-33.93;40.37;40.83;39.91
Fri Sep 27 2024 14:08:00 GMT+0530 (India Standard Time);38.4;39.55;38.2;38.5;40.37;58.48;21.33;77.52;3.22;114.67;-33.93;40.37;40.83;39.91
Fri Sep 27 2024 14:09:00 GMT+0530 (India Standard Time);38.5;39.4;38.3;38.95;40.37;58.48;21.33;77.52;3.22;114.67;-33.93;40.37;40.83;39.91
Fri Sep 27 2024 14:10:00 GMT+0530 (India Standard Time);38.95;39.7;37.45;37.7;40.37;58.48;21.33;77.52;3.22;114.67;-33.93;40.37;40.83;39.91
Fri Sep 27 2024 14:11:00 GMT+0530 (India Standard Time);37.7;37.7;35.75;35.9;40.37;58.48;21.33;77.52;3.22;114.67;-33.93;40.37;40.83;39.91
Fri Sep 27 2024 14:12:00 GMT+0530 (India Standard Time);36.05;36.1;34.2;34.7;40.37;58.48;21.33;77.52;3.22;114.67;-33.93;40.37;40.83;39.91
Fri Sep 27 2024 14:13:00 GMT+0530 (India Standard Time);34.75;35.15;33.6;35.15;40.37;58.48;21.33;77.52;3.22;114.67;-33.93;40.37;40.83;39.91
Fri Sep 27 2024 14:14:00 GMT+0530 (India Standard Time);35.05;36.35;35;36.05;40.37;58.48;21.33;77.52;3.22;114.67;-33.93;40.37;40.83;39.91
Fri Sep 27 2024 14:15:00 GMT+0530 (India Standard Time);36;36.55;35;35.85;40.37;58.48;21.33;77.52;3.22;114.67;-33.93;40.37;40.83;39.91
Fri Sep 27 2024 14:16:00 GMT+0530 (India Standard Time);35.8;36.9;35.8;36.9;40.37;58.48;21.33;77.52;3.22;114.67;-33.93;40.37;40.83;39.91
Fri Sep 27 2024 14:17:00 GMT+0530 (India Standard Time);36.8;37.5;36.7;37.2;40.37;58.48;21.33;77.52;3.22;114.67;-33.93;40.37;40.83;39.91
Fri Sep 27 2024 14:18:00 GMT+0530 (India Standard Time);37.5;38.65;37.2;38.65;40.37;58.48;21.33;77.52;3.22;114.67;-33.93;40.37;40.83;39.91
Fri Sep 27 2024 14:19:00 GMT+0530 (India Standard Time);38.65;39.45;38;39.45;40.37;58.48;21.33;77.52;3.22;114.67;-33.93;40.37;40.83;39.91
Fri Sep 27 2024 14:20:00 GMT+0530 (India Standard Time);39.3;40;38.95;39.5;40.37;58.48;21.33;77.52;3.22;114.67;-33.93;40.37;40.83;39.91
Fri Sep 27 2024 14:21:00 GMT+0530 (India Standard Time);39.35;39.55;37.4;37.85;40.37;58.48;21.33;77.52;3.22;114.67;-33.93;40.37;40.83;39.91
Fri Sep 27 2024 14:22:00 GMT+0530 (India Standard Time);37.85;38.8;37.6;38.3;40.37;58.48;21.33;77.52;3.22;114.67;-33.93;40.37;40.83;39.91
Fri Sep 27 2024 14:23:00 GMT+0530 (India Standard Time);38.3;38.9;38.05;38.8;40.37;58.48;21.33;77.52;3.22;114.67;-33.93;40.37;40.83;39.91
Fri Sep 27 2024 14:24:00 GMT+0530 (India Standard Time);38.75;39.4;37.75;38.1;40.37;58.48;21.33;77.52;3.22;114.67;-33.93;40.37;40.83;39.91
Fri Sep 27 2024 14:25:00 GMT+0530 (India Standard Time);38.2;38.45;36.55;36.75;40.37;58.48;21.33;77.52;3.22;114.67;-33.93;40.37;40.83;39.91
Fri Sep 27 2024 14:26:00 GMT+0530 (India Standard Time);36.7;38;36.55;38;40.37;58.48;21.33;77.52;3.22;114.67;-33.93;40.37;40.83;39.91
Fri Sep 27 2024 14:27:00 GMT+0530 (India Standard Time);38;38.5;37.45;38.15;40.37;58.48;21.33;77.52;3.22;114.67;-33.93;40.37;40.83;39.91
Fri Sep 27 2024 14:28:00 GMT+0530 (India Standard Time);38.15;38.7;37.7;38.3;40.37;58.48;21.33;77.52;3.22;114.67;-33.93;40.37;40.83;39.91
Fri Sep 27 2024 14:29:00 GMT+0530 (India Standard Time);38.4;39.3;38.15;38.15;40.37;58.48;21.33;77.52;3.22;114.67;-33.93;40.37;40.83;39.91
Fri Sep 27 2024 14:30:00 GMT+0530 (India Standard Time);38.3;39.65;38.3;39.5;40.37;58.48;21.33;77.52;3.22;114.67;-33.93;40.37;40.83;39.91
Fri Sep 27 2024 14:31:00 GMT+0530 (India Standard Time);39.5;41.35;39.3;40.75;40.37;58.48;21.33;77.52;3.22;114.67;-33.93;40.37;40.83;39.91
Fri Sep 27 2024 14:32:00 GMT+0530 (India Standard Time);40.85;41.65;40.3;40.5;40.37;58.48;21.33;77.52;3.22;114.67;-33.93;40.37;40.83;39.91
Fri Sep 27 2024 14:33:00 GMT+0530 (India Standard Time);40.5;40.7;39.5;39.55;40.37;58.48;21.33;77.52;3.22;114.67;-33.93;40.37;40.83;39.91
Fri Sep 27 2024 14:34:00 GMT+0530 (India Standard Time);39.55;40.45;39.2;39.25;40.37;58.48;21.33;77.52;3.22;114.67;-33.93;40.37;40.83;39.91
Fri Sep 27 2024 14:35:00 GMT+0530 (India Standard Time);39.15;41.35;39.15;40.9;40.37;58.48;21.33;77.52;3.22;114.67;-33.93;40.37;40.83;39.91
Fri Sep 27 2024 14:36:00 GMT+0530 (India Standard Time);40.9;41.65;39.3;39.9;40.37;58.48;21.33;77.52;3.22;114.67;-33.93;40.37;40.83;39.91
Fri Sep 27 2024 14:37:00 GMT+0530 (India Standard Time);39.9;40.35;38.1;38.55;40.37;58.48;21.33;77.52;3.22;114.67;-33.93;40.37;40.83;39.91
Fri Sep 27 2024 14:38:00 GMT+0530 (India Standard Time);38.65;39.75;38.55;38.8;40.37;58.48;21.33;77.52;3.22;114.67;-33.93;40.37;40.83;39.91
Fri Sep 27 2024 14:39:00 GMT+0530 (India Standard Time);38.6;38.9;38.2;38.55;40.37;58.48;21.33;77.52;3.22;114.67;-33.93;40.37;40.83;39.91
Fri Sep 27 2024 14:40:00 GMT+0530 (India Standard Time);38.45;38.65;37.45;37.6;40.37;58.48;21.33;77.52;3.22;114.67;-33.93;40.37;40.83;39.91
Fri Sep 27 2024 14:41:00 GMT+0530 (India Standard Time);37.7;38.2;37.1;37.55;40.37;58.48;21.33;77.52;3.22;114.67;-33.93;40.37;40.83;39.91
Fri Sep 27 2024 14:42:00 GMT+0530 (India Standard Time);37.65;38.7;37.3;38.05;40.37;58.48;21.33;77.52;3.22;114.67;-33.93;40.37;40.83;39.91
Fri Sep 27 2024 14:43:00 GMT+0530 (India Standard Time);38.1;38.3;37.15;37.7;40.37;58.48;21.33;77.52;3.22;114.67;-33.93;40.37;40.83;39.91
Fri Sep 27 2024 14:44:00 GMT+0530 (India Standard Time);37.7;38.6;37.6;38.25;40.37;58.48;21.33;77.52;3.22;114.67;-33.93;40.37;40.83;39.91
Fri Sep 27 2024 14:45:00 GMT+0530 (India Standard Time);38.4;39.5;38.35;39.3;40.37;58.48;21.33;77.52;3.22;114.67;-33.93;40.37;40.83;39.91
Fri Sep 27 2024 14:46:00 GMT+0530 (India Standard Time);39.3;39.85;37.65;38.15;40.37;58.48;21.33;77.52;3.22;114.67;-33.93;40.37;40.83;39.91
Fri Sep 27 2024 14:47:00 GMT+0530 (India Standard Time);38.1;39.3;37.7;39.3;40.37;58.48;21.33;77.52;3.22;114.67;-33.93;40.37;40.83;39.91
Fri Sep 27 2024 14:48:00 GMT+0530 (India Standard Time);39.4;39.95;39.05;39.95;40.37;58.48;21.33;77.52;3.22;114.67;-33.93;40.37;40.83;39.91
Fri Sep 27 2024 14:49:00 GMT+0530 (India Standard Time);39.85;40;38.85;38.95;40.37;58.48;21.33;77.52;3.22;114.67;-33.93;40.37;40.83;39.91
Fri Sep 27 2024 14:50:00 GMT+0530 (India Standard Time);39.05;40.45;39.05;40.35;40.37;58.48;21.33;77.52;3.22;114.67;-33.93;40.37;40.83;39.91
Fri Sep 27 2024 14:51:00 GMT+0530 (India Standard Time);40.35;40.85;39.2;39.25;40.37;58.48;21.33;77.52;3.22;114.67;-33.93;40.37;40.83;39.91
Fri Sep 27 2024 14:52:00 GMT+0530 (India Standard Time);39.25;40;38.85;39.4;40.37;58.48;21.33;77.52;3.22;114.67;-33.93;40.37;40.83;39.91
Fri Sep 27 2024 14:53:00 GMT+0530 (India Standard Time);39.4;39.95;38.55;39;40.37;58.48;21.33;77.52;3.22;114.67;-33.93;40.37;40.83;39.91
Fri Sep 27 2024 14:54:00 GMT+0530 (India Standard Time);39;39.4;38;38.3;40.37;58.48;21.33;77.52;3.22;114.67;-33.93;40.37;40.83;39.91
Fri Sep 27 2024 14:55:00 GMT+0530 (India Standard Time);38.45;38.9;37.35;38;40.37;58.48;21.33;77.52;3.22;114.67;-33.93;40.37;40.83;39.91
Fri Sep 27 2024 14:56:00 GMT+0530 (India Standard Time);37.8;38.35;36.05;36.15;40.37;58.48;21.33;77.52;3.22;114.67;-33.93;40.37;40.83;39.91
Fri Sep 27 2024 14:57:00 GMT+0530 (India Standard Time);36.3;37.9;36.25;37.8;40.37;58.48;21.33;77.52;3.22;114.67;-33.93;40.37;40.83;39.91
Fri Sep 27 2024 14:58:00 GMT+0530 (India Standard Time);37.8;37.9;36.6;36.6;40.37;58.48;21.33;77.52;3.22;114.67;-33.93;40.37;40.83;39.91
Fri Sep 27 2024 14:59:00 GMT+0530 (India Standard Time);36.65;37.3;36.15;36.5;40.37;58.48;21.33;77.52;3.22;114.67;-33.93;40.37;40.83;39.91
Fri Sep 27 2024 15:00:00 GMT+0530 (India Standard Time);36.7;36.7;31.9;32.1;40.37;58.48;21.33;77.52;3.22;114.67;-33.93;40.37;40.83;39.91
Fri Sep 27 2024 15:01:00 GMT+0530 (India Standard Time);31.55;35.15;30.8;34.8;40.37;58.48;21.33;77.52;3.22;114.67;-33.93;40.37;40.83;39.91
Fri Sep 27 2024 15:02:00 GMT+0530 (India Standard Time);34.9;37.65;33.3;37.6;40.37;58.48;21.33;77.52;3.22;114.67;-33.93;40.37;40.83;39.91
Fri Sep 27 2024 15:03:00 GMT+0530 (India Standard Time);37.65;38.95;35.3;35.45;40.37;58.48;21.33;77.52;3.22;114.67;-33.93;40.37;40.83;39.91
Fri Sep 27 2024 15:04:00 GMT+0530 (India Standard Time);35.4;36.8;33.75;36.5;40.37;58.48;21.33;77.52;3.22;114.67;-33.93;40.37;40.83;39.91
Fri Sep 27 2024 15:05:00 GMT+0530 (India Standard Time);36.4;36.65;34.85;36.3;40.37;58.48;21.33;77.52;3.22;114.67;-33.93;40.37;40.83;39.91
Fri Sep 27 2024 15:06:00 GMT+0530 (India Standard Time);36;36.4;35.15;35.75;40.37;58.48;21.33;77.52;3.22;114.67;-33.93;40.37;40.83;39.91
Fri Sep 27 2024 15:07:00 GMT+0530 (India Standard Time);35.7;35.7;33.4;33.5;40.37;58.48;21.33;77.52;3.22;114.67;-33.93;40.37;40.83;39.91
Fri Sep 27 2024 15:08:00 GMT+0530 (India Standard Time);33.5;34.85;32.85;34.35;40.37;58.48;21.33;77.52;3.22;114.67;-33.93;40.37;40.83;39.91
Fri Sep 27 2024 15:09:00 GMT+0530 (India Standard Time);34.25;34.8;32.85;33.2;40.37;58.48;21.33;77.52;3.22;114.67;-33.93;40.37;40.83;39.91
Fri Sep 27 2024 15:10:00 GMT+0530 (India Standard Time);33.15;33.95;31.45;31.9;40.37;58.48;21.33;77.52;3.22;114.67;-33.93;40.37;40.83;39.91
Fri Sep 27 2024 15:11:00 GMT+0530 (India Standard Time);31.8;32.2;30.35;32.15;40.37;58.48;21.33;77.52;3.22;114.67;-33.93;40.37;40.83;39.91
Fri Sep 27 2024 15:12:00 GMT+0530 (India Standard Time);32.05;32.4;31.3;31.65;40.37;58.48;21.33;77.52;3.22;114.67;-33.93;40.37;40.83;39.91
Fri Sep 27 2024 15:13:00 GMT+0530 (India Standard Time);31.75;33.7;31.65;33.45;40.37;58.48;21.33;77.52;3.22;114.67;-33.93;40.37;40.83;39.91
Fri Sep 27 2024 15:14:00 GMT+0530 (India Standard Time);33.5;35.1;33.35;34.35;40.37;58.48;21.33;77.52;3.22;114.67;-33.93;40.37;40.83;39.91
Fri Sep 27 2024 15:15:00 GMT+0530 (India Standard Time);34.5;36.05;33.75;34.55;40.37;58.48;21.33;77.52;3.22;114.67;-33.93;40.37;40.83;39.91
Fri Sep 27 2024 15:16:00 GMT+0530 (India Standard Time);34.85;35.15;33.6;34.25;40.37;58.48;21.33;77.52;3.22;114.67;-33.93;40.37;40.83;39.91
Fri Sep 27 2024 15:17:00 GMT+0530 (India Standard Time);34.25;34.4;33.65;34.1;40.37;58.48;21.33;77.52;3.22;114.67;-33.93;40.37;40.83;39.91
Fri Sep 27 2024 15:18:00 GMT+0530 (India Standard Time);34.1;35;33.8;34.65;40.37;58.48;21.33;77.52;3.22;114.67;-33.93;40.37;40.83;39.91
Fri Sep 27 2024 15:19:00 GMT+0530 (India Standard Time);34.45;35;33.7;34.4;40.37;58.48;21.33;77.52;3.22;114.67;-33.93;40.37;40.83;39.91
Fri Sep 27 2024 15:20:00 GMT+0530 (India Standard Time);34.2;34.55;32.35;32.7;40.37;58.48;21.33;77.52;3.22;114.67;-33.93;40.37;40.83;39.91
Fri Sep 27 2024 15:21:00 GMT+0530 (India Standard Time);32.7;33.5;32.15;32.45;40.37;58.48;21.33;77.52;3.22;114.67;-33.93;40.37;40.83;39.91
Fri Sep 27 2024 15:22:00 GMT+0530 (India Standard Time);32.55;32.9;31.8;32.25;40.37;58.48;21.33;77.52;3.22;114.67;-33.93;40.37;40.83;39.91
Fri Sep 27 2024 15:23:00 GMT+0530 (India Standard Time);32.25;32.65;31.4;31.4;40.37;58.48;21.33;77.52;3.22;114.67;-33.93;40.37;40.83;39.91
Fri Sep 27 2024 15:24:00 GMT+0530 (India Standard Time);31.45;32.3;31.2;31.6;40.37;58.48;21.33;77.52;3.22;114.67;-33.93;40.37;40.83;39.91
Fri Sep 27 2024 15:25:00 GMT+0530 (India Standard Time);31.6;31.95;29.7;29.7;40.37;58.48;21.33;77.52;3.22;114.67;-33.93;40.37;40.83;39.91
Fri Sep 27 2024 15:26:00 GMT+0530 (India Standard Time);29.55;30.95;29;30.75;40.37;58.48;21.33;77.52;3.22;114.67;-33.93;40.37;40.83;39.91
Fri Sep 27 2024 15:27:00 GMT+0530 (India Standard Time);30.7;32;30.7;31.45;40.37;58.48;21.33;77.52;3.22;114.67;-33.93;40.37;40.83;39.91
Fri Sep 27 2024 15:28:00 GMT+0530 (India Standard Time);31.45;31.75;30.35;31.15;40.37;58.48;21.33;77.52;3.22;114.67;-33.93;40.37;40.83;39.91
Fri Sep 27 2024 15:29:00 GMT+0530 (India Standard Time);31.2;31.45;30;30;40.37;58.48;21.33;77.52;3.22;114.67;-33.93;40.37;40.83;39.91
